[
  {
    "HinhAnh-src": "https://a0.muscache.com/im/pictures/miso/Hosting-50545526/original/af14ce0b-481e-41be-88d1-b84758f578e5.jpeg?im_w=720",
    "DiaDiem": "Inderøy, Na Uy",
    "DanhGia": "4,88",
    "KhoangCach": "Cách 9.209 km",
    "ThoiGian": "Ngày 21 - Ngày 26 tháng 9",
    "Gia": "₫2.659.757"
  },
  {
    "HinhAnh-src": "https://a0.muscache.com/im/pictures/c397f0b2-8eab-4902-b30f-d552dc8b06dd.jpg?im_w=720",
    "DiaDiem": "Sennesvik, Na Uy",
    "DanhGia": "4,9",
    "KhoangCach": "Cách 9.019 km",
    "ThoiGian": "Ngày 08 - Ngày 13 tháng 11",
    "Gia": "₫2.589.285"
  },
  {
    "HinhAnh-src": "https://a0.muscache.com/im/pictures/miso/Hosting-52086975/original/017465f1-e5b3-43ff-8d92-facd828f8fc2.jpeg?im_w=720",
    "DiaDiem": "Kittilä, Phần Lan",
    "DanhGia": "4,9",
    "KhoangCach": "Cách 8.557 km",
    "ThoiGian": "Ngày 05 - Ngày 10 tháng 10",
    "Gia": "₫3.224.331"
  },
  {
    "HinhAnh-src": "https://a0.muscache.com/im/pictures/miso/Hosting-850769713572940614/original/b18991bd-465f-49c8-bf20-97c45ea4c279.jpeg?ml=true&im_w=720",
    "DiaDiem": "Honningsvåg, Na Uy",
    "DanhGia": "4,94",
    "KhoangCach": "Cách 8.546 km",
    "ThoiGian": "Ngày 21 - Ngày 26 tháng 9",
    "Gia": "₫4.679.496"
  },
  {
    "HinhAnh-src": "https://a0.muscache.com/im/pictures/fb860347-88b9-4a1a-acfe-d518f3f77072.jpg?im_w=720",
    "DiaDiem": "Rovaniemi, Phần Lan",
    "DanhGia": "4,95",
    "KhoangCach": "Cách 8.513 km",
    "ThoiGian": "Ngày 11 - Ngày 16 tháng 10",
    "Gia": "₫13.845.989"
  },
  {
    "HinhAnh-src": "https://a0.muscache.com/im/pictures/81431ca0-8b72-4780-93e6-f768e27d156c.jpg?im_w=720",
    "DiaDiem": "Utsjoki, Phần Lan",
    "DanhGia": "5,0",
    "KhoangCach": "Cách 8.458 km",
    "ThoiGian": "Ngày 20 - Ngày 25 tháng 9",
    "Gia": "₫7.280.942"
  },
  {
    "HinhAnh-src": "https://a0.muscache.com/im/pictures/miso/Hosting-45265296/original/b507784d-93a6-42e1-9d34-694640ea2ab6.jpeg?im_w=720",
    "DiaDiem": "Ylläs Kolari, Phần Lan",
    "DanhGia": "4,98",
    "KhoangCach": "Cách 8.589 km",
    "ThoiGian": "Ngày 18 - Ngày 23 tháng 9",
    "Gia": "₫4.505.941"
  },
  {
    "HinhAnh-src": "https://a0.muscache.com/im/pictures/be5ec43d-245a-4c09-9bb7-a5e1b8eb56b3.jpg?im_w=720",
    "DiaDiem": "Suomussalmi KK, Phần Lan",
    "DanhGia": "4,95",
    "KhoangCach": "Cách 8.351 km",
    "ThoiGian": "Ngày 21 - Ngày 26 tháng 10",
    "Gia": "₫3.762.516"
  },
  {
    "HinhAnh-src": "https://a0.muscache.com/im/pictures/miso/Hosting-759790852861911349/original/1af736a3-de22-4c2a-9a0b-1b6eaac7f7e6.jpeg?im_w=720",
    "DiaDiem": "Kontiolahti, Phần Lan",
    "DanhGia": "4,89",
    "KhoangCach": "Cách 8.281 km",
    "ThoiGian": "Ngày 18 - Ngày 23 tháng 9",
    "Gia": "₫2.060.644"
  },
  {
    "HinhAnh-src": "https://a0.muscache.com/im/pictures/d89d983a-9cd0-43e3-806a-5ca664f1e74d.jpg?im_w=720",
    "DiaDiem": "Inari, Phần Lan",
    "DanhGia": "4,8",
    "KhoangCach": "Cách 8.473 km",
    "ThoiGian": "Ngày 31 tháng 3 - Ngày 05 tháng 4",
    "Gia": "₫3.198.120"
  },
  {
    "HinhAnh-src": "https://a0.muscache.com/im/pictures/miso/Hosting-853494742119459834/original/8ccef425-00cf-4219-b812-c0ead9f9bb6d.jpeg?ml=true&im_w=720",
    "DiaDiem": "Skipsfjorden, Na Uy",
    "DanhGia": "4,88",
    "KhoangCach": "Cách 8.541 km",
    "ThoiGian": "Ngày 25 - Ngày 30 tháng 9",
    "Gia": "₫2.779.444"
  },
  {
    "HinhAnh-src": "https://a0.muscache.com/im/pictures/0a015d94-ae15-45ed-87b4-62e3d11fae8a.jpg?im_w=720",
    "DiaDiem": "Rovaniemi, Phần Lan",
    "DanhGia": "4,99",
    "KhoangCach": "Cách 8.507 km",
    "ThoiGian": "Ngày 10 - Ngày 15 tháng 11",
    "Gia": "₫12.541.628"
  },
  {
    "HinhAnh-src": "https://a0.muscache.com/im/pictures/3ada8472-2788-4ded-ba72-88437f5b57d5.jpg?im_w=720",
    "DiaDiem": "Posio, Phần Lan",
    "DanhGia": "5,0",
    "KhoangCach": "Cách 8.392 km",
    "ThoiGian": "Ngày 25 - Ngày 30 tháng 9",
    "Gia": "₫3.284.117"
  },
  {
    "HinhAnh-src": "https://a0.muscache.com/im/pictures/a8f0e524-d1ae-426c-b834-325aa4ac02ab.jpg?im_w=720",
    "DiaDiem": "Luleå, Thụy Điển",
    "DanhGia": "4,88",
    "KhoangCach": "Cách 8.672 km",
    "ThoiGian": "Ngày 21 - Ngày 26 tháng 9",
    "Gia": "₫1.660.969"
  },
  {
    "HinhAnh-src": "https://a0.muscache.com/im/pictures/7809096f-55f0-47c9-b0be-75bbaeec2122.jpg?im_w=720",
    "DiaDiem": "Kuusamo, Phần Lan",
    "DanhGia": "4,92",
    "KhoangCach": "Cách 8.353 km",
    "ThoiGian": "Ngày 29 tháng 9 - Ngày 04 tháng 10",
    "Gia": "₫3.991.384"
  },
  {
    "HinhAnh-src": "https://a0.muscache.com/im/pictures/miso/Hosting-640518909197716331/original/1349d319-d60a-4ade-87c0-e19f0d97204e.jpeg?im_w=720",
    "DiaDiem": "Kontiolahti, Phần Lan",
    "DanhGia": "4,81",
    "KhoangCach": "Cách 8.281 km",
    "ThoiGian": "Ngày 24 - Ngày 29 tháng 9",
    "Gia": "₫2.060.644"
  },
  {
    "HinhAnh-src": "https://a0.muscache.com/im/pictures/82ca78a5-b89d-4b57-91db-f7abc0c0c3db.jpg?im_w=720",
    "DiaDiem": "Polmak, Na Uy",
    "DanhGia": "4,88",
    "KhoangCach": "Cách 8.452 km",
    "ThoiGian": "Ngày 02 - Ngày 07 tháng 11",
    "Gia": "₫1.595.852"
  },
  {
    "HinhAnh-src": "https://a0.muscache.com/im/pictures/8cc8250c-02e3-440c-a2a3-ca753dfce29b.jpg?im_w=720",
    "DiaDiem": "Rovaniemi, Phần Lan",
    "DanhGia": "4,99",
    "KhoangCach": "Cách 8.503 km",
    "ThoiGian": "Ngày 21 - Ngày 26 tháng 9",
    "Gia": "₫7.743.185"
  },
  {
    "HinhAnh-src": "https://a0.muscache.com/im/pictures/miso/Hosting-33553087/original/39925e0f-767a-44bb-89f2-ee8d9f058655.jpeg?im_w=720",
    "DiaDiem": "Strömsund, Thụy Điển",
    "DanhGia": "5,0",
    "KhoangCach": "Cách 8.657 km",
    "ThoiGian": "Ngày 09 - Ngày 15 tháng 10",
    "Gia": "₫3.724.722"
  },
  {
    "HinhAnh-src": "https://a0.muscache.com/im/pictures/aea3c343-3908-479b-bac0-6f76f6535ed9.jpg?im_w=720",
    "DiaDiem": "Pudasjärvi, Phần Lan",
    "DanhGia": "4,96",
    "KhoangCach": "Cách 8.417 km",
    "ThoiGian": "Ngày 30 tháng 9 - Ngày 05 tháng 10",
    "Gia": "₫7.650.428"
  }
]