[
  {
    "HinhAnh-src": "https://a0.muscache.com/im/pictures/ee0a1c85-79ea-4372-b08b-e81cc214774e.jpg?im_w=720",
    "DiaDiem": "Kecamatan Selemadeg Barat, Indonesia",
    "DanhGia": "4,92",
    "KhoangCach": "Cách 2.329 km",
    "ThoiGian": "Ngày 25 - Ngày 30 tháng 9",
    "Gia": "₫6.414.595"
  },
  {
    "HinhAnh-src": "https://a0.muscache.com/im/pictures/1c055ca8-6788-4e3f-a984-6cf6129787d8.jpg?im_w=720",
    "DiaDiem": "Koh Yao Noi, Thái Lan",
    "DanhGia": "4,96",
    "KhoangCach": "Cách 935 km",
    "ThoiGian": "Ngày 21 - Ngày 26 tháng 9",
    "Gia": "₫27.683.346"
  },
  {
    "HinhAnh-src": "https://a0.muscache.com/im/pictures/312fd85d-5d2d-4134-a92f-5c212a1b9a0c.jpg?im_w=720",
    "DiaDiem": "Legian, Indonesia",
    "DanhGia": "4,84",
    "KhoangCach": "Cách 2.361 km",
    "ThoiGian": "Ngày 10 - Ngày 15 tháng 12",
    "Gia": "₫6.454.637"
  },
  {
    "HinhAnh-src": "https://a0.muscache.com/im/pictures/ae534e71-0efe-462e-8665-2d8bccbb3e4e.jpg?im_w=720",
    "DiaDiem": "Mengwi, Indonesia",
    "DanhGia": "4,82",
    "KhoangCach": "Cách 2.351 km",
    "ThoiGian": "Ngày 18 - Ngày 23 tháng 9",
    "Gia": "₫28.752.421"
  },
  {
    "HinhAnh-src": "https://a0.muscache.com/im/pictures/miso/Hosting-43933156/original/359c1716-fc3f-4a06-aa00-5873ff788e26.jpeg?ml=true&im_w=720",
    "DiaDiem": "Kecamatan Kuta Utara, Indonesia",
    "DanhGia": "4,87",
    "KhoangCach": "Cách 2.355 km",
    "ThoiGian": "Ngày 09 - Ngày 14 tháng 1",
    "Gia": "₫5.640.207"
  },
  {
    "HinhAnh-src": "https://a0.muscache.com/im/pictures/150b0691-a339-41ce-af46-1ae3e6730a87.jpg?im_w=720",
    "DiaDiem": "Seririt, Indonesia",
    "DanhGia": "4,96",
    "KhoangCach": "Cách 2.296 km",
    "ThoiGian": "Ngày 27 tháng 10 - Ngày 01 tháng 11",
    "Gia": "₫5.619.843"
  },
  {
    "HinhAnh-src": "https://a0.muscache.com/im/pictures/miso/Hosting-10983311/original/4ee1c41b-c88c-406a-b304-353bfbd83bc4.jpeg?im_w=720",
    "DiaDiem": "Babakan Madang, Indonesia",
    "DanhGia": "4,9",
    "KhoangCach": "Cách 1.931 km",
    "ThoiGian": "Ngày 02 - Ngày 07 tháng 11",
    "Gia": "₫6.376.541"
  },
  {
    "HinhAnh-src": "https://a0.muscache.com/im/pictures/miso/Hosting-672081192055738394/original/e7d5d7f5-4dc3-4bc9-be5f-f46c5c96f29b.jpeg?im_w=720",
    "DiaDiem": "Kecamatan Kediri, Indonesia",
    "DanhGia": "4,97",
    "KhoangCach": "Cách 2.345 km",
    "ThoiGian": "Ngày 28 tháng 10 - Ngày 02 tháng 11",
    "Gia": "₫6.493.590"
  },
  {
    "HinhAnh-src": "https://a0.muscache.com/im/pictures/9eb08bbe-8393-4062-91cb-917e6085eeb4.jpg?im_w=720",
    "DiaDiem": "Canggu, Indonesia",
    "DanhGia": "4,78",
    "KhoangCach": "Cách 2.354 km",
    "ThoiGian": "Ngày 06 - Ngày 11 tháng 11",
    "Gia": "₫7.251.545"
  },
  {
    "HinhAnh-src": "https://a0.muscache.com/im/pictures/monet/Select-35323831/original/ab726837-0899-49fe-bfb4-505111e14ed9?im_w=720",
    "DiaDiem": "Canggu, Indonesia",
    "DanhGia": "4,98",
    "KhoangCach": "Cách 2.356 km",
    "ThoiGian": "Ngày 09 - Ngày 14 tháng 12",
    "Gia": "₫10.394.970"
  },
  {
    "HinhAnh-src": "https://a0.muscache.com/im/pictures/miso/Hosting-1085754311065862015/original/75ec1eea-b0c5-49df-8992-8eef64853856.jpeg?im_w=720",
    "DiaDiem": "Kecamatan Kuta Utara, Indonesia",
    "DanhGia": "5,0",
    "KhoangCach": "Cách 2.356 km",
    "ThoiGian": "Ngày 06 - Ngày 11 tháng 11",
    "Gia": "₫10.275.762"
  },
  {
    "HinhAnh-src": "https://a0.muscache.com/im/pictures/hosting/Hosting-U3RheVN1cHBseUxpc3Rpbmc6NzQ0NTMwNDc5MjQ4NjY1NzQy/original/2d71eaad-d413-405a-a7d0-9b90f78e778c.jpeg?im_w=720",
    "DiaDiem": "Berawa , Canggu, Indonesia",
    "DanhGia": "4,96",
    "KhoangCach": "Cách 2.355 km",
    "ThoiGian": "Ngày 25 - Ngày 30 tháng 10",
    "Gia": "₫14.347.434"
  },
  {
    "HinhAnh-src": "https://a0.muscache.com/im/pictures/f1da66de-128b-498b-9ee3-9faa9d8fee7c.jpg?im_w=720",
    "DiaDiem": "Kecamatan Kuta Utara, Indonesia",
    "DanhGia": "5,0",
    "KhoangCach": "Cách 2.355 km",
    "ThoiGian": "Ngày 24 - Ngày 29 tháng 9",
    "Gia": "₫13.509.662"
  },
  {
    "HinhAnh-src": "https://a0.muscache.com/im/pictures/d5a794f2-8db6-4042-aa16-ce0178d8005b.jpg?im_w=720",
    "DiaDiem": "Kuala Lumpur, Malaysia",
    "DanhGia": "4,9",
    "KhoangCach": "Cách 1.015 km",
    "ThoiGian": "Ngày 29 tháng 9 - Ngày 04 tháng 10",
    "Gia": "₫10.010.280"
  },
  {
    "HinhAnh-src": "https://a0.muscache.com/im/pictures/miso/Hosting-835863329121785117/original/72061c80-8a09-45ce-970f-7870ca333d9b.jpeg?im_w=720",
    "DiaDiem": "Canggu, Indonesia",
    "DanhGia": "5,0",
    "KhoangCach": "Cách 2.355 km",
    "ThoiGian": "Ngày 28 tháng 10 - Ngày 02 tháng 11",
    "Gia": "₫21.823.100"
  },
  {
    "HinhAnh-src": "https://a0.muscache.com/im/pictures/33495472-70b4-47e6-901c-66a872de0d27.jpg?ml=true&im_w=720",
    "DiaDiem": "Phra Khanang, Thái Lan",
    "DanhGia": "4,84",
    "KhoangCach": "Cách 739 km",
    "ThoiGian": "Ngày 03 - Ngày 08 tháng 12",
    "Gia": "₫6.508.869"
  },
  {
    "HinhAnh-src": "https://a0.muscache.com/im/pictures/miso/Hosting-23113348/original/da22cf81-028a-418c-a201-10043bdb3e99.jpeg?im_w=720",
    "DiaDiem": "Lovina Seririt, Indonesia",
    "DanhGia": "4,96",
    "KhoangCach": "Cách 2.296 km",
    "ThoiGian": "Ngày 01 - Ngày 06 tháng 10",
    "Gia": "₫7.720.467"
  },
  {
    "HinhAnh-src": "https://a0.muscache.com/im/pictures/prohost-api/Hosting-1227112523609193942/original/2e645f79-8e3a-4a40-b10c-b4bc48144b09.jpeg?im_w=720",
    "DiaDiem": "Kecamatan Mengwi, Indonesia",
    "DanhGia": "Mới",
    "KhoangCach": "Cách 2.352 km",
    "ThoiGian": "Ngày 18 - Ngày 23 tháng 9",
    "Gia": "₫3.612.325"
  },
  {
    "HinhAnh-src": "https://a0.muscache.com/im/pictures/miso/Hosting-813371593538817183/original/03607f05-a8d5-4986-81f2-e655c678bf93.jpeg?im_w=720",
    "DiaDiem": "Kecamatan Mengwi, Indonesia",
    "DanhGia": "4,91",
    "KhoangCach": "Cách 2.350 km",
    "ThoiGian": "Ngày 01 - Ngày 06 tháng 6",
    "Gia": "₫8.058.371"
  },
  {
    "HinhAnh-src": "https://a0.muscache.com/im/pictures/miso/Hosting-897429877700076038/original/1c23e5f5-34a4-49db-aa4b-4ebbd8f00a6a.jpeg?im_w=720",
    "DiaDiem": "Kecamatan Kuta Utara, Indonesia",
    "DanhGia": "4,89",
    "KhoangCach": "Cách 2.357 km",
    "ThoiGian": "Ngày 19 - Ngày 24 tháng 9",
    "Gia": "₫3.488.599"
  }
]