[
  {
    "HinhAnh-src": "https://a0.muscache.com/im/pictures/10cdabfc-9352-4587-a900-dd20b2efa79a.jpg?im_w=720",
    "DiaDiem": "Tân Bình, Việt Nam",
    "DanhGia": "4,89",
    "KhoangCach": "Gần Sân tập golf Him Lam",
    "ThoiGian": "Ngày 23 - Ngày 28 tháng 11",
    "Gia": "₫849.183"
  },
  {
    "HinhAnh-src": "https://a0.muscache.com/im/pictures/ddb8b137-c1d0-42ff-aca4-2170731c6f97.jpg?ml=true&im_w=720",
    "DiaDiem": "Tân Bình, Việt Nam",
    "DanhGia": "4,94",
    "KhoangCach": "Gần Sân tập golf Him Lam",
    "ThoiGian": "Ngày 18 - Ngày 23 tháng 9",
    "Gia": "₫968.175"
  },
  {
    "HinhAnh-src": "https://a0.muscache.com/im/pictures/hosting/Hosting-988926369228436999/original/86b3fb28-44f1-46d8-a656-806c8eac0ff3.jpeg?im_w=720",
    "DiaDiem": "Tân Bình, Việt Nam",
    "DanhGia": "4,89",
    "KhoangCach": "Gần Sân tập golf Him Lam",
    "ThoiGian": "Ngày 18 - Ngày 23 tháng 9",
    "Gia": "₫1.062.436"
  },
  {
    "HinhAnh-src": "https://a0.muscache.com/im/pictures/8c43a2c6-49ec-4fe0-9fb6-13181b726e4a.jpg?ml=true&im_w=720",
    "DiaDiem": "Tân Bình, Việt Nam",
    "DanhGia": "4,82",
    "KhoangCach": "Gần Sân tập golf Him Lam",
    "ThoiGian": "Ngày 26 - Ngày 31 tháng 10",
    "Gia": "₫724.589"
  },
  {
    "HinhAnh-src": "https://a0.muscache.com/im/pictures/miso/Hosting-40859950/original/0fc97135-760c-4ade-82b1-857e1cc0a613.jpeg?im_w=720",
    "DiaDiem": "Tân Bình, Việt Nam",
    "DanhGia": "4,9",
    "KhoangCach": "Gần Sân tập golf Him Lam",
    "ThoiGian": "Ngày 22 - Ngày 27 tháng 9",
    "Gia": "₫606.477"
  },
  {
    "HinhAnh-src": "https://a0.muscache.com/im/pictures/hosting/Hosting-1136168121831831730/original/411e982a-5782-4ea1-be97-81f0f1635eb5.jpeg?im_w=720",
    "DiaDiem": "Tân Bình, Việt Nam",
    "DanhGia": "4,8",
    "KhoangCach": "Gần Sân tập golf Him Lam",
    "ThoiGian": "Ngày 05 - Ngày 10 tháng 10",
    "Gia": "₫351.000"
  },
  {
    "HinhAnh-src": "https://a0.muscache.com/im/pictures/hosting/Hosting-1128849391693841608/original/fac11189-b77e-4f02-a882-2c10f2200999.jpeg?im_w=720",
    "DiaDiem": "Tân Bình, Việt Nam",
    "DanhGia": "5,0",
    "KhoangCach": "Gần Sân tập golf Him Lam",
    "ThoiGian": "Ngày 28 tháng 9 - Ngày 03 tháng 10",
    "Gia": "₫1.111.177"
  },
  {
    "HinhAnh-src": "https://a0.muscache.com/im/pictures/hosting/Hosting-956881322769812843/original/17075738-0684-4682-a632-44ee1ecc809b.jpeg?ml=true&im_w=720",
    "DiaDiem": "Tân Bình, Việt Nam",
    "DanhGia": "5,0",
    "KhoangCach": "Gần Sân tập golf Him Lam",
    "ThoiGian": "Ngày 11 - Ngày 16 tháng 11",
    "Gia": "₫1.445.721"
  },
  {
    "HinhAnh-src": "https://a0.muscache.com/im/pictures/hosting/Hosting-1172742914427480021/original/a77258d7-e457-40df-a746-b02515510be7.jpeg?im_w=720",
    "DiaDiem": "Tân Bình, Việt Nam",
    "DanhGia": "",
    "KhoangCach": "Gần Sân tập golf Him Lam",
    "ThoiGian": "Ngày 09 - Ngày 14 tháng 10",
    "Gia": "₫413.994"
  },
  {
    "HinhAnh-src": "https://a0.muscache.com/im/pictures/miso/Hosting-710141993182783492/original/a05f2a07-ec6c-4677-8d04-be30f0632bf6.jpeg?im_w=720",
    "DiaDiem": "Tân Bình, Việt Nam",
    "DanhGia": "4,82",
    "KhoangCach": "Gần Sân tập golf Him Lam",
    "ThoiGian": "Ngày 18 - Ngày 23 tháng 9",
    "Gia": "₫590.000"
  },
  {
    "HinhAnh-src": "https://a0.muscache.com/im/pictures/miso/Hosting-1214387331355005118/original/bf399aa8-2885-4d2a-9f1b-e6015b3bc32b.jpeg?im_w=720",
    "DiaDiem": "Tân Bình, Việt Nam",
    "DanhGia": "Mới",
    "KhoangCach": "Gần Sân tập golf Him Lam",
    "ThoiGian": "Ngày 18 - Ngày 23 tháng 9",
    "Gia": "₫1.357.142"
  },
  {
    "HinhAnh-src": "https://a0.muscache.com/im/pictures/efd3075a-50e6-43b2-984f-96652fede019.jpg?im_w=720",
    "DiaDiem": "Ho Chi Minh city, Việt Nam",
    "DanhGia": "4,88",
    "KhoangCach": "Gần Sân tập golf Him Lam",
    "ThoiGian": "Ngày 19 - Ngày 24 tháng 9",
    "Gia": "₫912.942"
  },
  {
    "HinhAnh-src": "https://a0.muscache.com/im/pictures/miso/Hosting-938860606872291616/original/8ff7effa-6e3b-4fd1-a552-07491c4c7a2f.jpeg?im_w=720",
    "DiaDiem": "Tân Bình, Việt Nam",
    "DanhGia": "4,98",
    "KhoangCach": "Gần Sân tập golf Him Lam",
    "ThoiGian": "Ngày 18 - Ngày 23 tháng 9",
    "Gia": "₫471.549"
  },
  {
    "HinhAnh-src": "https://a0.muscache.com/im/pictures/miso/Hosting-1027177654469475179/original/f086381c-5677-471c-bb97-6658bc09ebeb.jpeg?im_w=720",
    "DiaDiem": "Tân Bình, Việt Nam",
    "DanhGia": "5,0",
    "KhoangCach": "Gần Sân tập golf Him Lam",
    "ThoiGian": "Ngày 04 - Ngày 09 tháng 10",
    "Gia": "₫686.779"
  },
  {
    "HinhAnh-src": "https://a0.muscache.com/im/pictures/miso/Hosting-1176599681969453278/original/ed0a3a92-9f8c-403e-b5f6-bfaefaecd8e3.jpeg?im_w=720",
    "DiaDiem": "Tân Bình, Việt Nam",
    "DanhGia": "",
    "KhoangCach": "Gần Sân tập golf Him Lam",
    "ThoiGian": "Ngày 19 - Ngày 24 tháng 9",
    "Gia": "₫1.378.598"
  },
  {
    "HinhAnh-src": "https://a0.muscache.com/im/pictures/miso/Hosting-21889368/original/132c28d0-f21c-4b68-9ca4-b2792c3455ec.jpeg?im_w=720",
    "DiaDiem": "Thành phố Hồ Chí Minh, Việt Nam",
    "DanhGia": "4,9",
    "KhoangCach": "Gần Sân tập golf Him Lam",
    "ThoiGian": "Ngày 18 - Ngày 23 tháng 9",
    "Gia": "₫615.816"
  },
  {
    "HinhAnh-src": "https://a0.muscache.com/im/pictures/157949ca-ec80-472f-8134-1e1119a76e50.jpg?ml=true&im_w=720",
    "DiaDiem": "Phường 2, Việt Nam",
    "DanhGia": "4,88",
    "KhoangCach": "Gần Sân tập golf Him Lam",
    "ThoiGian": "Ngày 22 - Ngày 27 tháng 9",
    "Gia": "₫662.143"
  },
  {
    "HinhAnh-src": "https://a0.muscache.com/im/pictures/hosting/Hosting-1145539587654437653/original/4f667aab-c121-4a60-acf3-f30a4338db05.jpeg?im_w=720",
    "DiaDiem": "Tân Bình, Việt Nam",
    "DanhGia": "",
    "KhoangCach": "Gần Sân tập golf Him Lam",
    "ThoiGian": "Ngày 19 - Ngày 24 tháng 9",
    "Gia": "₫287.524"
  },
  {
    "HinhAnh-src": "https://a0.muscache.com/im/pictures/miso/Hosting-40333492/original/0a2f24fa-facb-4226-9581-dd8417b59d6c.jpeg?ml=true&im_w=720",
    "DiaDiem": "Hồ Chí Minh, Việt Nam",
    "DanhGia": "4,92",
    "KhoangCach": "Gần Sân tập golf Him Lam",
    "ThoiGian": "Ngày 28 tháng 9 - Ngày 03 tháng 10",
    "Gia": "₫672.436"
  },
  {
    "HinhAnh-src": "https://a0.muscache.com/im/pictures/hosting/Hosting-1204136822486494283/original/1135b478-5402-47b7-afb4-a9a7c809db1a.jpeg?im_w=720",
    "DiaDiem": "Tân Bình, Việt Nam",
    "DanhGia": "Mới",
    "KhoangCach": "Gần Sân tập golf Him Lam",
    "ThoiGian": "Ngày 18 - Ngày 23 tháng 9",
    "Gia": "₫431.285"
  },
  {
    "HinhAnh-src": "https://a0.muscache.com/im/pictures/d650203e-fc7c-45d5-9900-6ddce8d59279.jpg?im_w=720",
    "DiaDiem": "Tân Bình, Việt Nam",
    "DanhGia": "5,0",
    "KhoangCach": "Gần Sân tập golf Him Lam",
    "ThoiGian": "Ngày 18 - Ngày 23 tháng 9",
    "Gia": "₫881.445"
  },
  {
    "HinhAnh-src": "https://a0.muscache.com/im/pictures/miso/Hosting-885411528892461225/original/387ba488-e559-4569-9d3c-16332ee1edda.jpeg?im_w=720",
    "DiaDiem": "Phú Nhuận, Việt Nam",
    "DanhGia": "5,0",
    "KhoangCach": "Gần Sân tập golf Him Lam",
    "ThoiGian": "Ngày 22 - Ngày 27 tháng 9",
    "Gia": "₫472.447"
  },
  {
    "HinhAnh-src": "https://a0.muscache.com/im/pictures/miso/Hosting-35952854/original/f4efe0df-ed68-4849-9085-6dcf110c8a2f.jpeg?im_w=720",
    "DiaDiem": "Tân Bình, Việt Nam",
    "DanhGia": "4,81",
    "KhoangCach": "Gần Sân tập golf Him Lam",
    "ThoiGian": "Ngày 18 - Ngày 23 tháng 9",
    "Gia": "₫1.981.836"
  },
  {
    "HinhAnh-src": "https://a0.muscache.com/im/pictures/hosting/Hosting-1054007203333369204/original/cd08fcf0-c081-4913-b6e6-ae228904fa2b.jpeg?im_w=720",
    "DiaDiem": "Tân Bình, Việt Nam",
    "DanhGia": "",
    "KhoangCach": "Gần Sân tập golf Him Lam",
    "ThoiGian": "Ngày 01 - Ngày 06 tháng 10",
    "Gia": "₫912.942"
  },
  {
    "HinhAnh-src": "https://a0.muscache.com/im/pictures/2a088c1f-8875-4dfe-b22f-68d2d92f713d.jpg?im_w=720",
    "DiaDiem": "Tân Bình, Việt Nam",
    "DanhGia": "",
    "KhoangCach": "Gần Sân tập golf Him Lam",
    "ThoiGian": "Ngày 18 - Ngày 23 tháng 9",
    "Gia": "₫816.577"
  },
  {
    "HinhAnh-src": "https://a0.muscache.com/im/pictures/miso/Hosting-1028158285066177140/original/67642519-82d9-446d-a14b-9b4434d12afa.jpeg?im_w=720",
    "DiaDiem": "Tân Bình, Việt Nam",
    "DanhGia": "5,0",
    "KhoangCach": "Gần Sân tập golf Him Lam",
    "ThoiGian": "Ngày 18 - Ngày 23 tháng 9",
    "Gia": "₫814.848"
  },
  {
    "HinhAnh-src": "https://a0.muscache.com/im/pictures/3da54f4f-2be3-4d9d-a50c-864e22518a00.jpg?im_w=720",
    "DiaDiem": "Tân Bình, Việt Nam",
    "DanhGia": "",
    "KhoangCach": "Gần Sân tập golf Him Lam",
    "ThoiGian": "Ngày 18 - Ngày 23 tháng 9",
    "Gia": "₫764.589"
  },
  {
    "HinhAnh-src": "https://a0.muscache.com/im/pictures/cd65465a-1575-4883-a063-fbaaf9b4dbb5.jpg?im_w=720",
    "DiaDiem": "Tân Bình, Việt Nam",
    "DanhGia": "4,9",
    "KhoangCach": "Gần Sân tập golf Him Lam",
    "ThoiGian": "Ngày 19 - Ngày 24 tháng 9",
    "Gia": "₫881.822"
  }
]