[
  {
    "HinhAnh-src": "https://a0.muscache.com/im/pictures/miso/Hosting-1110871179776533281/original/70d83cc6-52d3-427b-8d26-4cb604444762.jpeg?im_w=720",
    "ThoiGian": "Ngày 18 - Ngày 23 tháng 9",
    "Gia": "₫2.062.077",
    "DiaDiem": "Tp HCM, Việt Nam",
    "DanhGia": "",
    "KhoangCach": "Cách 2 km"
  },
  {
    "HinhAnh-src": "https://a0.muscache.com/im/pictures/bf00d64d-2eed-4469-a0f5-81213ddb280e.jpg?im_w=720",
    "ThoiGian": "Ngày 20 - Ngày 25 tháng 9",
    "Gia": "₫783.659",
    "DiaDiem": "Quận 4, Việt Nam",
    "DanhGia": "4,84",
    "KhoangCach": "Cách 2 km"
  },
  {
    "HinhAnh-src": "https://a0.muscache.com/im/pictures/c0f71be5-37ec-43d8-9634-6441e494d296.jpg?im_w=720",
    "ThoiGian": "Ngày 21 - Ngày 26 tháng 9",
    "Gia": "₫1.398.325",
    "DiaDiem": "Tan Binh District, Việt Nam",
    "DanhGia": "4,9",
    "KhoangCach": "Cách 5 km"
  },
  {
    "HinhAnh-src": "https://a0.muscache.com/im/pictures/6b27cfbe-4cbf-4209-bc50-f96b4870d83b.jpg?ml=true&im_w=720",
    "ThoiGian": "Ngày 21 - Ngày 26 tháng 9",
    "Gia": "₫836.447",
    "DiaDiem": "Phú Nhuận, Việt Nam",
    "DanhGia": "4,93",
    "KhoangCach": "Cách 5 km"
  },
  {
    "HinhAnh-src": "https://a0.muscache.com/im/pictures/miso/Hosting-1120285368014391254/original/53d337ab-423c-48c3-af5e-d19dd5b0f6f0.jpeg?im_w=720",
    "ThoiGian": "Ngày 18 - Ngày 23 tháng 9",
    "Gia": "₫2.085.361",
    "DiaDiem": "Thành phố Hồ Chí Minh, Việt Nam",
    "DanhGia": "4,67",
    "KhoangCach": "Cách 3 km"
  },
  {
    "HinhAnh-src": "https://a0.muscache.com/im/pictures/e18c4450-2d24-4ce6-8a19-9db31200e7f6.jpg?im_w=720",
    "ThoiGian": "Ngày 20 - Ngày 25 tháng 9",
    "Gia": "₫1.050.923",
    "DiaDiem": "phường 6, Việt Nam",
    "DanhGia": "4,98",
    "KhoangCach": "Cách 2 km"
  },
  {
    "HinhAnh-src": "https://a0.muscache.com/im/pictures/miso/Hosting-600231386076469539/original/13eac78a-698c-4724-a5d5-004f094e8865.jpeg?im_w=720",
    "ThoiGian": "Ngày 18 - Ngày 23 tháng 9",
    "Gia": "₫1.157.406",
    "DiaDiem": "Quận 4, Việt Nam",
    "DanhGia": "4,9",
    "KhoangCach": "Cách 2 km"
  },
  {
    "HinhAnh-src": "https://a0.muscache.com/im/pictures/93ce84df-e671-4d4b-9028-f72e5ed0a1a4.jpg?im_w=720",
    "ThoiGian": "Ngày 18 - Ngày 23 tháng 9",
    "Gia": "₫829.248",
    "DiaDiem": "Quận 4, Việt Nam",
    "DanhGia": "4,88",
    "KhoangCach": "Cách 2 km"
  },
  {
    "HinhAnh-src": "https://a0.muscache.com/im/pictures/d600697e-81ea-4b1f-bf95-cb6352acf07e.jpg?im_w=720",
    "ThoiGian": "Ngày 21 - Ngày 26 tháng 9",
    "Gia": "₫789.357",
    "DiaDiem": "Quận 4, Việt Nam",
    "DanhGia": "4,82",
    "KhoangCach": "Cách 2 km"
  },
  {
    "HinhAnh-src": "https://a0.muscache.com/im/pictures/eedbf0fb-b70b-4ef2-8ef2-25308cea5847.jpg?im_w=720",
    "ThoiGian": "Ngày 22 - Ngày 27 tháng 9",
    "Gia": "₫775.087",
    "DiaDiem": "Quận 4, Việt Nam",
    "DanhGia": "4,84",
    "KhoangCach": "Cách 2 km"
  },
  {
    "HinhAnh-src": "https://a0.muscache.com/im/pictures/34d64524-afba-4540-bc36-61cc203ab914.jpg?im_w=720",
    "ThoiGian": "Ngày 19 - Ngày 24 tháng 9",
    "Gia": "₫767.953",
    "DiaDiem": "Quận 4, Việt Nam",
    "DanhGia": "4,78",
    "KhoangCach": "Cách 2 km"
  },
  {
    "HinhAnh-src": "https://a0.muscache.com/im/pictures/f0e0de1a-be12-47e6-b6e6-be0769662d45.jpg?im_w=720",
    "ThoiGian": "Ngày 18 - Ngày 23 tháng 9",
    "Gia": "₫739.374",
    "DiaDiem": "Quận 4, Việt Nam",
    "DanhGia": "4,86",
    "KhoangCach": "Cách 2 km"
  },
  {
    "HinhAnh-src": "https://a0.muscache.com/im/pictures/f2c4e5f0-e044-4d5b-960f-de04108587e1.jpg?im_w=720",
    "ThoiGian": "Ngày 18 - Ngày 23 tháng 9",
    "Gia": "₫884.522",
    "DiaDiem": "Quận 4, Việt Nam",
    "DanhGia": "4,86",
    "KhoangCach": "Cách 2 km"
  },
  {
    "HinhAnh-src": "https://a0.muscache.com/im/pictures/ffea73bd-51a9-4aec-bf01-d46865d5592e.jpg?im_w=720",
    "ThoiGian": "Ngày 24 - Ngày 29 tháng 9",
    "Gia": "₫684.706",
    "DiaDiem": "Tân Bình, Việt Nam",
    "DanhGia": "4,77",
    "KhoangCach": "Cách 5 km"
  }
]