[
  {
    "HinhAnh-src": "https://a0.muscache.com/im/pictures/d682f7bf-caa4-4433-9038-c5f81a01845b.jpg?im_w=720",
    "DiaDiem": "Nha Trang, Việt Nam",
    "KhoangCach": "Hướng Biển và biển",
    "ThoiGian": "Ngày 21 - Ngày 26 tháng 9",
    "DanhGia": "5,0",
    "Gia": "₫23.606.509"
  },
  {
    "HinhAnh-src": "https://a0.muscache.com/im/pictures/19292248-6cca-4b02-9860-94925b29397e.jpg?im_w=720",
    "DiaDiem": "Nha Trang, Việt Nam",
    "KhoangCach": "Hướng Biển và biển",
    "ThoiGian": "Ngày 15 - Ngày 20 tháng 10",
    "DanhGia": "4,92",
    "Gia": "₫15.750.471"
  },
  {
    "HinhAnh-src": "https://a0.muscache.com/im/pictures/miso/Hosting-678798543099234014/original/fc2c05ad-fe0e-4d86-90c1-16a0bf098984.jpeg?im_w=720",
    "DiaDiem": "thành phố Bảo Lộc, Việt Nam",
    "KhoangCach": "Hướng Núi và gần hồ",
    "ThoiGian": "Ngày 18 - Ngày 23 tháng 9",
    "DanhGia": "",
    "Gia": "₫570.589"
  },
  {
    "HinhAnh-src": "https://a0.muscache.com/im/pictures/miso/Hosting-1006443033158675385/original/fe5db8ef-3d10-4b33-bd88-2b6414bd754d.jpeg?im_w=720",
    "DiaDiem": "Thành phố Hồ Chí Minh, Việt Nam",
    "KhoangCach": "Cách 1 km",
    "ThoiGian": "Ngày 29 tháng 9 - Ngày 04 tháng 10",
    "DanhGia": "",
    "Gia": "₫2.725.202"
  },
  {
    "HinhAnh-src": "https://a0.muscache.com/im/pictures/hosting/Hosting-1141700253710218090/original/71f75bfa-6ef5-4eb9-9aa9-d1b4ace32f76.jpeg?im_w=720",
    "DiaDiem": "Ho Chi Minh, Việt Nam",
    "KhoangCach": "Cách 3 km",
    "ThoiGian": "Ngày 18 - Ngày 23 tháng 10",
    "DanhGia": "4,91",
    "Gia": "₫2.464.800"
  },
  {
    "HinhAnh-src": "https://a0.muscache.com/im/pictures/miso/Hosting-1091860487475871035/original/660fdcfc-4aa5-4dd8-ad90-293d4c20bfad.jpeg?im_w=720",
    "DiaDiem": "Thủ Thiêm, Việt Nam",
    "KhoangCach": "Hướng Cảng và sông",
    "ThoiGian": "Ngày 23 - Ngày 28 tháng 9",
    "DanhGia": "4,8",
    "Gia": "₫3.137.551"
  },
  {
    "HinhAnh-src": "https://a0.muscache.com/im/pictures/miso/Hosting-1115895459421124180/original/7e5149d9-a3b7-448a-8c4a-97e6c5b31fb8.jpeg?im_w=720",
    "DiaDiem": "Quận 2, Việt Nam",
    "KhoangCach": "Hướng Sông và thành phố",
    "ThoiGian": "Ngày 10 - Ngày 15 tháng 10",
    "DanhGia": "",
    "Gia": "₫2.887.992"
  },
  {
    "HinhAnh-src": "https://a0.muscache.com/im/pictures/hosting/Hosting-1149240334267861341/original/2528c07d-cd0f-4561-8844-1e2302fd5fd8.jpeg?im_w=720",
    "DiaDiem": "Thành phố Hồ Chí Minh, Việt Nam",
    "KhoangCach": "Hướng Sông và thành phố",
    "ThoiGian": "Ngày 23 - Ngày 28 tháng 9",
    "DanhGia": "5,0",
    "Gia": "₫2.714.876"
  },
  {
    "HinhAnh-src": "https://a0.muscache.com/im/pictures/miso/Hosting-1007879262958729349/original/5f93a386-db37-43fd-9491-32da65f7247a.jpeg?im_w=720",
    "DiaDiem": "Thành phố Phan Thiết, Việt Nam",
    "KhoangCach": "Hướng biển",
    "ThoiGian": "Ngày 18 - Ngày 23 tháng 9",
    "DanhGia": "4,75",
    "Gia": "₫1.127.073"
  },
  {
    "HinhAnh-src": "https://a0.muscache.com/im/pictures/08b58008-9ec0-4dc3-9316-69aaef12c518.jpg?im_w=720",
    "DiaDiem": "Thành phố Đà Lạt, Việt Nam",
    "KhoangCach": "Cách 228 km",
    "ThoiGian": "Ngày 19 - Ngày 24 tháng 9",
    "DanhGia": "4,84",
    "Gia": "₫730.000"
  },
  {
    "HinhAnh-src": "https://a0.muscache.com/im/pictures/284df0de-7fc3-4cca-b537-3fd0b3b3608e.jpg?im_w=720",
    "DiaDiem": "Thành phố Đà Lạt, Việt Nam",
    "KhoangCach": "Hướng Núi và gần hồ",
    "ThoiGian": "Ngày 28 tháng 9 - Ngày 03 tháng 10",
    "DanhGia": "5,0",
    "Gia": "₫21.219.250"
  },
  {
    "HinhAnh-src": "https://a0.muscache.com/im/pictures/miso/Hosting-613402549749387923/original/b2b4ab6d-fff6-4664-9807-6f99f6d0e1f6.jpeg?im_w=720",
    "DiaDiem": "Thành phố Phan Thiết, Việt Nam",
    "KhoangCach": "Hướng Biển và khu nghỉ dưỡng",
    "ThoiGian": "Ngày 02 - Ngày 07 tháng 10",
    "DanhGia": "4,96",
    "Gia": "₫3.873.037"
  },
  {
    "HinhAnh-src": "https://a0.muscache.com/im/pictures/miso/Hosting-791576302908424247/original/ee5cf116-e6bd-46f7-bfb5-dcc24704423e.jpeg?im_w=720",
    "DiaDiem": "Nha Trang, Việt Nam",
    "KhoangCach": "Hướng biển",
    "ThoiGian": "Ngày 18 - Ngày 23 tháng 9",
    "DanhGia": "4,87",
    "Gia": "₫931.200"
  },
  {
    "HinhAnh-src": "https://a0.muscache.com/im/pictures/hosting/Hosting-1064217722072201857/original/c32389ab-b2db-4358-994b-54fe7b01b281.jpeg?im_w=720",
    "DiaDiem": "Nha Trang, Việt Nam",
    "KhoangCach": "Hướng vịnh",
    "ThoiGian": "Ngày 18 - Ngày 23 tháng 9",
    "DanhGia": "4,93",
    "Gia": "₫1.040.075"
  },
  {
    "HinhAnh-src": "https://a0.muscache.com/im/pictures/miso/Hosting-1218160747957389672/original/199e8400-7478-4bba-833a-0dcd869a679f.jpeg?im_w=720",
    "DiaDiem": "District 2, Việt Nam",
    "KhoangCach": "Cách 1 km",
    "ThoiGian": "Ngày 22 - Ngày 27 tháng 9",
    "DanhGia": "Mới",
    "Gia": "₫2.962.267"
  },
  {
    "HinhAnh-src": "https://a0.muscache.com/im/pictures/hosting/Hosting-1169437322560814981/original/20845b6d-ed26-4d10-b4be-9cdf214d8891.jpeg?im_w=720",
    "DiaDiem": "Thủ Thiêm, Việt Nam",
    "KhoangCach": "Cách 1 km",
    "ThoiGian": "Ngày 20 - Ngày 25 tháng 9",
    "DanhGia": "5,0",
    "Gia": "₫2.282.354"
  },
  {
    "HinhAnh-src": "https://a0.muscache.com/im/pictures/miso/Hosting-655309536740798015/original/7040f055-766d-45e3-bcc7-bbcf4a9d0106.jpeg?im_w=720",
    "DiaDiem": "Nha Trang, Việt Nam",
    "KhoangCach": "Hướng Bãi biển và biển",
    "ThoiGian": "Ngày 19 - Ngày 24 tháng 10",
    "DanhGia": "4,89",
    "Gia": "₫3.200.943"
  },
  {
    "HinhAnh-src": "https://a0.muscache.com/im/pictures/miso/Hosting-26682955/original/80b3a02f-aa4f-4d9c-bd56-a4502b1cdf01.jpeg?im_w=720",
    "DiaDiem": "Quận 4, Việt Nam",
    "KhoangCach": "Cách 2 km",
    "ThoiGian": "Ngày 01 - Ngày 06 tháng 10",
    "DanhGia": "4,9",
    "Gia": "₫2.707.295"
  },
  {
    "HinhAnh-src": "https://a0.muscache.com/im/pictures/hosting/Hosting-1105099918857994179/original/ebdce935-77e8-41a8-a526-6bd84de274ae.jpeg?im_w=720",
    "DiaDiem": "Thành phố Hồ Chí Minh, Việt Nam",
    "KhoangCach": "Hướng thành phố",
    "ThoiGian": "Ngày 03 - Ngày 08 tháng 10",
    "DanhGia": "4,95",
    "Gia": "₫2.130.591"
  },
  {
    "HinhAnh-src": "https://a0.muscache.com/im/pictures/miso/Hosting-637524289868274312/original/34fad23e-af7b-4baa-8af2-281b095ae76c.jpeg?ml=true&im_w=720",
    "DiaDiem": "Nha Trang, Việt Nam",
    "KhoangCach": "Hướng thành phố",
    "ThoiGian": "Ngày 21 - Ngày 26 tháng 9",
    "DanhGia": "4,86",
    "Gia": "₫711.200"
  }
]