[
  {
    "img-src": "https://a0.muscache.com/im/pictures/miso/Hosting-1140172494468136256/original/54223e6c-a31b-4246-bc1e-87c30f5c5301.jpeg?im_w=720",
    "moTa": "Tonbon- Phong cách sống Nhật Bản 0."
  },
  {
    "img-src": "https://a0.muscache.com/im/pictures/hosting/Hosting-1117901973868714933/original/19d74a33-e3a5-4992-ab8c-8b091bcd6591.jpeg?im_w=720",
    "moTa": "Casa Co Core - Tầng lửng ấm cúng"
  },
  {
    "img-src": "https://a0.muscache.com/im/pictures/bdeb1cbf-80a5-426e-b42f-3fde554eea9e.jpg?im_w=720",
    "moTa": "Chỗ ở một phòng ngủ đáng yêu tại Quận 1, TP.HCM"
  },
  {
    "img-src": "https://a0.muscache.com/im/pictures/hosting/Hosting-U3RheVN1cHBseUxpc3Rpbmc6MTIzNTUxNjIzMzEzMzUxMTg3NA%3D%3D/original/b927d503-8c58-499d-84bb-db5403513a2e.png?im_w=720",
    "moTa": "Phòng Boho mơ độc đáo ở Bến Thành|5'đến Bùi Viện"
  },
  {
    "img-src": "https://a0.muscache.com/im/pictures/miso/Hosting-787403870363217388/original/c9f8a918-6bb8-4ecc-a91b-432f1c8aa00a.jpeg?im_w=720",
    "moTa": "Sân bay Btw & trung tâm D1, Wi-fi nhanh và nhận phòng 24/7"
  },
  {
    "img-src": "https://a0.muscache.com/im/pictures/miso/Hosting-1162025591202772211/original/1b14d0f3-60ef-4cde-a716-9909406c9e1f.jpeg?im_w=720",
    "moTa": "Căn hộ Pi - 2 phòng ngủ nhìn ra thành phố tại trung tâm Sài Gòn"
  },
  {
    "img-src": "",
    "moTa": ""
  },
  {
    "img-src": "https://a0.muscache.com/im/pictures/miso/Hosting-1013456583068262646/original/629732f8-82fc-4667-9002-cdb85f0adf2e.jpeg?ml=true&im_w=720",
    "moTa": "8\" đi bộ đến Nguyễn Huệ, Wifi nhanh, nhận phòng 24/7"
  },
  {
    "img-src": "https://a0.muscache.com/im/pictures/hosting/Hosting-U3RheVN1cHBseUxpc3Rpbmc6MTE1MzY2NTY3MTkwMTQ3MTUxOQ%3D%3D/original/c4366c8d-c6c3-415a-ae41-b89aad5e0c77.jpeg?im_w=720",
    "moTa": "Giảm giá 20% | OT Saigonroyal 35m2 @center"
  },
  {
    "img-src": "https://a0.muscache.com/im/pictures/hosting/Hosting-U3RheVN1cHBseUxpc3Rpbmc6ODEzNDA5ODUwMDc0MDg4OTYy/original/98044b2d-d4f7-4f7d-bf31-d2de07546ded.png?im_w=720",
    "moTa": "Trung tâm nhà Maoki của Tp.HCM"
  },
  {
    "img-src": "https://a0.muscache.com/im/pictures/hosting/Hosting-U3RheVN1cHBseUxpc3Rpbmc6Nzc0OTQyMDAwNDc1NDU3MzA2/original/7d9da5dd-39da-4303-8e16-8618d4e107d9.jpeg?ml=true&im_w=720",
    "moTa": "Căn hộ 1 phòng ngủ đáng yêu với Wi-fi nhanh gần trung tâm"
  },
  {
    "img-src": "https://a0.muscache.com/im/pictures/miso/Hosting-1040326227123193407/original/1ecd5634-6f93-4eac-81a1-34ea444cbb77.jpeg?im_w=720",
    "moTa": "Funky Apt 3A Bồn tắm+Ban công+Café by Circadian"
  },
  {
    "img-src": "https://a0.muscache.com/im/pictures/miso/Hosting-664769412639671327/original/16c87133-3383-46cd-8cfb-d2eadb701754.jpeg?im_w=720",
    "moTa": "Căn hộ Châu - Netflix w. Hồ bơi - Bến Thành"
  },
  {
    "img-src": "https://a0.muscache.com/im/pictures/miso/Hosting-25902258/original/a2562990-db5e-4985-a4ad-4866a6464955.jpeg?im_w=720",
    "moTa": "Studio đẹp cho 2 người gần trung tâm HCM"
  },
  {
    "img-src": "https://a0.muscache.com/im/pictures/miso/Hosting-1024905030294790507/original/3f86603e-99fb-4205-a2b2-29940daad247.jpeg?ml=true&im_w=720",
    "moTa": "Emma House 8 - Can ho 1PN+ Vinhomes Grand Park Q9"
  },
  {
    "img-src": "https://a0.muscache.com/im/pictures/bdf548e1-afed-4e6f-813c-522e99344db4.jpg?im_w=720",
    "moTa": "2B_Studio có ban công rộng/view đẹp trung tâm HCMC"
  },
  {
    "img-src": "https://a0.muscache.com/im/pictures/hosting/Hosting-U3RheVN1cHBseUxpc3Rpbmc6MTI0MTE4MDYzMDkyNDAwMzQ3Mg%3D%3D/original/791f7f10-6d72-470b-a8f2-0e082b9bad16.jpeg?im_w=720",
    "moTa": "Căn hộ trung tâm thành phố kế chợ Bến Thành - Otis"
  },
  {
    "img-src": "https://a0.muscache.com/im/pictures/miso/Hosting-711402853473362521/original/ec295c34-75e9-4c0b-8ee6-7176d001ca5e.jpeg?im_w=720",
    "moTa": "Căn hộ CBD gần Financial Tower CBD"
  },
  {
    "img-src": "https://a0.muscache.com/im/pictures/miso/Hosting-1226177785040962162/original/f810988c-fbb3-4541-80e6-ab2aaa6b3987.jpeg?im_w=720",
    "moTa": "Vị trí hàng đầu tại phố đi bộ D1 - Nguyễn Huệ"
  }
]