[
  {
    "HinhAnh-src": "https://a0.muscache.com/im/pictures/e1387ceb-abdb-4fcb-9236-bd90da2e8c55.jpg?im_w=720",
    "DiaDiem": "Bangkok, Thái Lan",
    "DanhGia": "4,94",
    "KhoangCach": "Chủ nhà: Bua",
    "ThoiGian": "Ngày 21 - Ngày 26 tháng 1",
    "Gia": "₫3.417.156"
  },
  {
    "HinhAnh-src": "https://a0.muscache.com/im/pictures/miso/Hosting-34379374/original/36d7d0da-d363-493b-a957-9663b0d332c8.jpeg?im_w=720",
    "DiaDiem": "Schwechat, Áo",
    "DanhGia": "4,92",
    "KhoangCach": "Chủ nhà: Julia",
    "ThoiGian": "Ngày 04 - Ngày 09 tháng 11",
    "Gia": "₫1.144.289"
  },
  {
    "HinhAnh-src": "https://a0.muscache.com/im/pictures/airflow/Hosting-20351538/original/a37e8b2a-1910-49ad-a556-e55e8ef6b920.jpg?im_w=720",
    "DiaDiem": "Lyon, Pháp",
    "DanhGia": "4,93",
    "KhoangCach": "Chủ nhà: Bénédicte",
    "ThoiGian": "Ngày 10 - Ngày 15 tháng 11",
    "Gia": "₫1.511.194"
  },
  {
    "HinhAnh-src": "https://a0.muscache.com/im/pictures/miso/Hosting-683756877523805103/original/2322a3f3-3b14-4c49-a812-b87143bdf873.jpeg?im_w=720",
    "DiaDiem": "Loceri, Ý",
    "DanhGia": "4,94",
    "KhoangCach": "",
    "ThoiGian": "Ngày 18 - Ngày 23 tháng 9",
    "Gia": "₫1.567.683"
  },
  {
    "HinhAnh-src": "https://a0.muscache.com/im/pictures/miso/Hosting-929944720214995582/original/33141d7c-1228-42a3-878d-8ab7fe92e1df.jpeg?im_w=720",
    "DiaDiem": "Kecamatan Tegallalang, Indonesia",
    "DanhGia": "4,91",
    "KhoangCach": "",
    "ThoiGian": "Ngày 27 tháng 10 - Ngày 01 tháng 11",
    "Gia": "₫1.093.733"
  },
  {
    "HinhAnh-src": "https://a0.muscache.com/im/pictures/hosting/Hosting-1077458141923207290/original/d2024ce4-69bb-4599-a1e4-f84779f14fdd.jpeg?im_w=720",
    "DiaDiem": "New Delhi, Ấn Độ",
    "DanhGia": "4,83",
    "KhoangCach": "Chủ nhà: Karan",
    "ThoiGian": "Ngày 30 tháng 9 - Ngày 05 tháng 10",
    "Gia": "₫896.145"
  },
  {
    "HinhAnh-src": "https://a0.muscache.com/im/pictures/miso/Hosting-1084787802390400667/original/c7c04cdb-92f6-46ed-bc5c-9be115cd4e17.jpeg?im_w=720",
    "DiaDiem": "Gurugram, Ấn Độ",
    "DanhGia": "4,82",
    "KhoangCach": "Chủ nhà: Safiya Akhtar",
    "ThoiGian": "Ngày 22 - Ngày 27 tháng 9",
    "Gia": "₫728.341"
  },
  {
    "HinhAnh-src": "https://a0.muscache.com/im/pictures/hosting/Hosting-1241927747395719520/original/00e587a2-2d5f-4bc1-8bf7-c4854726f181.jpeg?im_w=720",
    "DiaDiem": "Szaflary, Ba Lan",
    "DanhGia": "Mới",
    "KhoangCach": "",
    "ThoiGian": "Ngày 18 - Ngày 23 tháng 9",
    "Gia": "₫961.068"
  },
  {
    "HinhAnh-src": "https://a0.muscache.com/im/pictures/hosting/Hosting-1161447484734690123/original/cbd576cc-3e2c-4318-bc28-d324fd1fdb7f.jpeg?im_w=720",
    "DiaDiem": "New Delhi, Ấn Độ",
    "DanhGia": "5,0",
    "KhoangCach": "Chủ nhà: Mohd Sufyan",
    "ThoiGian": "Ngày 21 - Ngày 26 tháng 9",
    "Gia": "₫841.757"
  },
  {
    "HinhAnh-src": "https://a0.muscache.com/im/pictures/miso/Hosting-1027182292116435650/original/727b847f-4e93-4c27-98d8-401ac50a2797.jpeg?im_w=720",
    "DiaDiem": "Tambon Chang Phueak, Thái Lan",
    "DanhGia": "4,97",
    "KhoangCach": "Chủ nhà: Katie",
    "ThoiGian": "Ngày 15 - Ngày 20 tháng 10",
    "Gia": "₫1.924.469"
  },
  {
    "HinhAnh-src": "https://a0.muscache.com/im/pictures/miso/Hosting-48666768/original/87789ac2-60e7-4a8f-998b-3ca0b690bf89.jpeg?im_w=720",
    "DiaDiem": "Vilassar de Mar, Tây Ban Nha",
    "DanhGia": "4,91",
    "KhoangCach": "Chủ nhà: Mariana",
    "ThoiGian": "Ngày 08 - Ngày 13 tháng 11",
    "Gia": "₫2.629.546"
  },
  {
    "HinhAnh-src": "https://a0.muscache.com/im/pictures/0ee61e24-0959-4d66-b7ac-6fda179090c9.jpg?im_w=720",
    "DiaDiem": "Khet Thon Buri, Thái Lan",
    "DanhGia": "4,83",
    "KhoangCach": "Chủ nhà: Apinun",
    "ThoiGian": "Ngày 12 - Ngày 17 tháng 10",
    "Gia": "₫556.997"
  },
  {
    "HinhAnh-src": "https://a0.muscache.com/im/pictures/hosting/Hosting-1178815604537022780/original/1b04e92e-0071-4d00-9981-3c44a9197dad.jpeg?ml=true&im_w=720",
    "DiaDiem": "Wettingen, Thụy Sĩ",
    "DanhGia": "4,96",
    "KhoangCach": "Chủ nhà: Loraine E Stefan",
    "ThoiGian": "Ngày 04 - Ngày 09 tháng 11",
    "Gia": "₫2.008.247"
  },
  {
    "HinhAnh-src": "https://a0.muscache.com/im/pictures/miso/Hosting-16734478/original/05cf7bf0-97d6-472f-9689-d971277ded10.jpeg?im_w=720",
    "DiaDiem": "Khlong Ton Sai, Khlong San, Thái Lan",
    "DanhGia": "4,87",
    "KhoangCach": "Chủ nhà: Guang",
    "ThoiGian": "Ngày 21 - Ngày 26 tháng 10",
    "Gia": "₫800.109"
  },
  {
    "HinhAnh-src": "https://a0.muscache.com/im/pictures/miso/Hosting-1090580928046774539/original/a2f0f9e0-6825-45bb-8da2-880cdd725598.jpeg?im_w=720",
    "DiaDiem": "建國里, Đài Loan",
    "DanhGia": "4,82",
    "KhoangCach": "Chủ nhà: Chu",
    "ThoiGian": "Ngày 12 - Ngày 17 tháng 10",
    "Gia": "₫1.035.757"
  },
  {
    "HinhAnh-src": "https://a0.muscache.com/im/pictures/airflow/Hosting-917286406751582757/original/d118cbe8-57f4-40ff-8134-0d385686e92e.jpg?im_w=720",
    "DiaDiem": "Mandaluyong, Philippin",
    "DanhGia": "4,94",
    "KhoangCach": "Chủ nhà: Arnel",
    "ThoiGian": "Ngày 22 - Ngày 27 tháng 9",
    "Gia": "₫1.062.790"
  },
  {
    "HinhAnh-src": "https://a0.muscache.com/im/pictures/miso/Hosting-777189784859963203/original/7e273c92-e905-4eb9-821f-98372291b966.jpeg?im_w=720",
    "DiaDiem": "Cheju, Hàn Quốc",
    "DanhGia": "5,0",
    "KhoangCach": "Chủ nhà: 혁",
    "ThoiGian": "Ngày 23 - Ngày 28 tháng 9",
    "Gia": "₫1.049.006"
  },
  {
    "HinhAnh-src": "https://a0.muscache.com/im/pictures/d1b2e09c-648f-4bd7-acdf-8e5f6fc6a447.jpg?im_w=720",
    "DiaDiem": "Barneveld, Hà Lan",
    "DanhGia": "4,91",
    "KhoangCach": "Chủ nhà: Monique",
    "ThoiGian": "Ngày 25 - Ngày 30 tháng 11",
    "Gia": "₫2.006.682"
  },
  {
    "HinhAnh-src": "https://a0.muscache.com/im/pictures/airflow/Hosting-11628597/original/d137e517-364b-4c39-80c8-1039a3981611.jpg?im_w=720",
    "DiaDiem": "Mumbai, Ấn Độ",
    "DanhGia": "4,82",
    "KhoangCach": "Chủ nhà: Siddharth",
    "ThoiGian": "Ngày 01 - Ngày 06 tháng 10",
    "Gia": "₫874.912"
  },
  {
    "HinhAnh-src": "https://a0.muscache.com/im/pictures/miso/Hosting-986691107551100343/original/c7eb8989-abe4-48e7-a96b-f2ad1189f1da.jpeg?ml=true&im_w=720",
    "DiaDiem": "Hội An, Việt Nam",
    "DanhGia": "5,0",
    "KhoangCach": "Chủ nhà: Ayatana",
    "ThoiGian": "Ngày 19 - Ngày 24 tháng 9",
    "Gia": "₫898.380"
  }
]