[
  {
    "HinhAnh-src": "https://a0.muscache.com/im/pictures/miso/Hosting-617063718566302384/original/717a4c2d-e8a9-4798-8378-0d878e0ed56e.jpeg?im_w=720",
    "DiaDiem": "Tambon Hua Hin, Thái Lan",
    "DanhGia": "4,88",
    "KhoangCach": "Cách 764 km",
    "ThoiGian": "Ngày 18 - Ngày 23 tháng 9",
    "Gia": "₫13.865.962"
  },
  {
    "HinhAnh-src": "https://a0.muscache.com/im/pictures/miso/Hosting-53983980/original/616c1c73-e91b-496f-8ffc-66cf6e32e045.jpeg?im_w=720",
    "DiaDiem": "Kecamatan Ubud, Indonesia",
    "DanhGia": "4,87",
    "KhoangCach": "Cách 2.349 km",
    "ThoiGian": "Ngày 20 - Ngày 25 tháng 10",
    "Gia": "₫19.505.027"
  },
  {
    "HinhAnh-src": "https://a0.muscache.com/im/pictures/ffb001b7-92a3-413f-ae51-e5b2c1df5580.jpg?im_w=720",
    "DiaDiem": "Calaca, Philippin",
    "DanhGia": "4,89",
    "KhoangCach": "Được giới thiệu trong Esquire",
    "ThoiGian": "Ngày 06 - Ngày 11 tháng 10",
    "Gia": "₫6.832.217"
  },
  {
    "HinhAnh-src": "https://a0.muscache.com/im/pictures/miso/Hosting-613417616911473686/original/2af34dbd-3319-40d2-baed-d949b6373e13.jpeg?im_w=720",
    "DiaDiem": "Kecamatan Ubud, Indonesia",
    "DanhGia": "4,97",
    "KhoangCach": "Do DDAP Architect  thiết kế",
    "ThoiGian": "Ngày 10 - Ngày 15 tháng 10",
    "Gia": "₫4.405.209"
  },
  {
    "HinhAnh-src": "https://a0.muscache.com/im/pictures/14152ff7-28fa-48cc-9c90-ac787fb5bb6b.jpg?im_w=720",
    "DiaDiem": "Ko Samui, Thái Lan",
    "DanhGia": "4,87",
    "KhoangCach": "Do Marc Gerritsen thiết kế",
    "ThoiGian": "Ngày 02 - Ngày 07 tháng 12",
    "Gia": "₫4.496.881"
  },
  {
    "HinhAnh-src": "https://a0.muscache.com/im/pictures/5c2ea62f-4b0d-4820-bbe2-1df8cdc5c250.jpg?ml=true&im_w=720",
    "DiaDiem": "Kecamatan Ubud, Indonesia",
    "DanhGia": "4,84",
    "KhoangCach": "Do Studio Magnolia Design thiết kế",
    "ThoiGian": "Ngày 03 - Ngày 08 tháng 10",
    "Gia": "₫1.990.435"
  },
  {
    "HinhAnh-src": "https://a0.muscache.com/im/pictures/prohost-api/Hosting-669910302099658530/original/dfc381b0-9205-4260-b11c-cd89d7936620.jpeg?im_w=720",
    "DiaDiem": "Lovina, Indonesia",
    "DanhGia": "4,9",
    "KhoangCach": "Cách 2.302 km",
    "ThoiGian": "Ngày 27 tháng 10 - Ngày 01 tháng 11",
    "Gia": "₫9.880.540"
  },
  {
    "HinhAnh-src": "https://a0.muscache.com/im/pictures/miso/Hosting-754769408451239879/original/a0b0d53e-c469-4a07-aec6-b4803fb40e86.jpeg?im_w=720",
    "DiaDiem": "Kecamatan Ubud, Indonesia",
    "DanhGia": "4,87",
    "KhoangCach": "Cách 2.349 km",
    "ThoiGian": "Ngày 05 - Ngày 10 tháng 10",
    "Gia": "₫9.986.998"
  },
  {
    "HinhAnh-src": "https://a0.muscache.com/im/pictures/miso/Hosting-878101686473328377/original/02373dd0-bb8b-4a42-ab45-2ae111caa205.jpeg?im_w=720",
    "DiaDiem": "Khet Watthana, Thái Lan",
    "DanhGia": "4,93",
    "KhoangCach": "Cách 742 km",
    "ThoiGian": "Ngày 06 - Ngày 11 tháng 10",
    "Gia": "₫6.781.758"
  },
  {
    "HinhAnh-src": "https://a0.muscache.com/im/pictures/2a1724ca-c902-4c82-b64a-215c2fd1e414.jpg?im_w=720",
    "DiaDiem": "Ko Samui, Thái Lan",
    "DanhGia": "4,89",
    "KhoangCach": "Do James Atkinson & David McCormick, M-System thiết kế",
    "ThoiGian": "Ngày 01 - Ngày 06 tháng 4",
    "Gia": "₫12.934.208"
  },
  {
    "HinhAnh-src": "https://a0.muscache.com/im/pictures/899e58fd-062d-4b83-a6f6-d55f5ade03d7.jpg?im_w=720",
    "DiaDiem": "Thành phố Đà Lạt, Việt Nam",
    "DanhGia": "5,0",
    "KhoangCach": "Cách 226 km",
    "ThoiGian": "Ngày 28 tháng 9 - Ngày 03 tháng 10",
    "Gia": "₫21.219.250"
  },
  {
    "HinhAnh-src": "https://a0.muscache.com/im/pictures/hosting/Hosting-U3RheVN1cHBseUxpc3Rpbmc6MTA2MDcwNjk0NTg1NTA4MjU3MA%3D%3D/original/078fe674-8c8a-47b2-8778-1238ca8ad8f7.jpeg?im_w=720",
    "DiaDiem": "Watthana, Thái Lan",
    "DanhGia": "5,0",
    "KhoangCach": "Cách 742 km",
    "ThoiGian": "Ngày 21 - Ngày 26 tháng 10",
    "Gia": "₫6.692.373"
  },
  {
    "HinhAnh-src": "https://a0.muscache.com/im/pictures/miso/Hosting-52539316/original/942e2903-4f17-4753-8f91-09dcc0617e64.jpeg?im_w=720",
    "DiaDiem": "Ha Long, Việt Nam",
    "DanhGia": "4,86",
    "KhoangCach": "Cách 1.129 km",
    "ThoiGian": "Ngày 18 - Ngày 23 tháng 9",
    "Gia": "₫20.997.657"
  },
  {
    "HinhAnh-src": "https://a0.muscache.com/im/pictures/7b671289-929b-4f94-94c9-9d0608d6a7ee.jpg?im_w=720",
    "DiaDiem": "Khet Chatuchak, Thái Lan",
    "DanhGia": "4,9",
    "KhoangCach": "Được giới thiệu trong The Cloud",
    "ThoiGian": "Ngày 26 tháng 9 - Ngày 01 tháng 10",
    "Gia": "₫1.423.828"
  },
  {
    "HinhAnh-src": "https://a0.muscache.com/im/pictures/prohost-api/Hosting-27529385/original/20ea717e-8980-4085-b509-2b1a5012ab25.jpeg?im_w=720",
    "DiaDiem": "Tabanan, Indonesia",
    "DanhGia": "5,0",
    "KhoangCach": "Cách 2.340 km",
    "ThoiGian": "Ngày 08 - Ngày 13 tháng 1",
    "Gia": "₫33.908.947"
  },
  {
    "HinhAnh-src": "https://a0.muscache.com/im/pictures/b50b0f3c-f25d-4461-a4cb-770c648882ea.jpg?im_w=720",
    "DiaDiem": "Singaraja, Indonesia",
    "DanhGia": "4,93",
    "KhoangCach": "Cách 2.302 km",
    "ThoiGian": "Ngày 20 - Ngày 25 tháng 9",
    "Gia": "₫6.101.234"
  },
  {
    "HinhAnh-src": "https://a0.muscache.com/im/pictures/4f70b681-a792-4530-8c52-f2a8d262942d.jpg?im_w=720",
    "DiaDiem": "Sidemen, Indonesia",
    "DanhGia": "4,84",
    "KhoangCach": "Cách 2.349 km",
    "ThoiGian": "Ngày 25 - Ngày 30 tháng 10",
    "Gia": "₫13.801.138"
  },
  {
    "HinhAnh-src": "https://a0.muscache.com/im/pictures/miso/Hosting-5904771/original/5b500ff2-5629-47dc-8fa1-b78379051339.jpeg?im_w=720",
    "DiaDiem": "Selat, Indonesia",
    "DanhGia": "4,84",
    "KhoangCach": "Cách 2.349 km",
    "ThoiGian": "Ngày 26 - Ngày 31 tháng 10",
    "Gia": "₫7.398.781"
  },
  {
    "HinhAnh-src": "https://a0.muscache.com/im/pictures/miso/Hosting-24043648/original/a1c8c433-c15f-4f7a-9f7f-b42c065ac081.png?ml=true&im_w=720",
    "DiaDiem": "Selat, Indonesia",
    "DanhGia": "4,89",
    "KhoangCach": "Được giới thiệu trong The Cabin Chronicles",
    "ThoiGian": "Ngày 03 - Ngày 08 tháng 11",
    "Gia": "₫9.618.415"
  }
]