[
  {
    "HinhAnh-src": "https://a0.muscache.com/im/pictures/miso/Hosting-997858635620372183/original/c8b95cc4-6edf-4264-aa52-d6bc1dafe115.jpeg?im_w=720",
    "DiaDiem": "Orlando, Florida, Hoa Kỳ",
    "DanhGia": "4,85",
    "KhoangCach": "Phòng chơi",
    "ThoiGian": "Ngày 08 - Ngày 13 tháng 12",
    "Gia": "₫8.407.104"
  },
  {
    "HinhAnh-src": "https://a0.muscache.com/im/pictures/miso/Hosting-940563795661048271/original/17d542e7-e132-40ca-a571-f3a846f706d0.jpeg?im_w=720",
    "DiaDiem": "Chicago, Illinois, Hoa Kỳ",
    "DanhGia": "4,98",
    "KhoangCach": "Trò chơi arcade",
    "ThoiGian": "Ngày 22 - Ngày 27 tháng 9",
    "Gia": "₫11.547.140"
  },
  {
    "HinhAnh-src": "https://a0.muscache.com/im/pictures/hosting/Hosting-U3RheVN1cHBseUxpc3Rpbmc6NjIzODAwMzMwMTcxNjcxMTE3/original/6ae17a94-1cf6-4611-9a6f-3a2799bc4121.jpeg?im_w=720",
    "DiaDiem": "Paradise Valley, Arizona, Hoa Kỳ",
    "DanhGia": "4,87",
    "KhoangCach": "Cách 13.609 km",
    "ThoiGian": "Ngày 23 - Ngày 28 tháng 9",
    "Gia": "₫20.168.455"
  },
  {
    "HinhAnh-src": "https://a0.muscache.com/im/pictures/miso/Hosting-585542978749767728/original/2c8c34e9-064d-4643-87de-66c8fdd97be7.jpeg?ml=true&im_w=720",
    "DiaDiem": "Hurricane, Utah, Hoa Kỳ",
    "DanhGia": "5,0",
    "KhoangCach": "Cách 13.250 km",
    "ThoiGian": "Ngày 26 - Ngày 31 tháng 10",
    "Gia": "₫34.922.177"
  },
  {
    "HinhAnh-src": "https://a0.muscache.com/im/pictures/miso/Hosting-781954847417637252/original/fadd726c-c9f7-482c-b5b8-01097ba3a723.png?im_w=720",
    "DiaDiem": "Sevierville, Tennessee, Hoa Kỳ",
    "DanhGia": "4,91",
    "KhoangCach": "Golf mini",
    "ThoiGian": "Ngày 22 - Ngày 27 tháng 9",
    "Gia": "₫3.223.131"
  },
  {
    "HinhAnh-src": "https://a0.muscache.com/im/pictures/prohost-api/Hosting-616473242380750899/original/993713fa-29b9-4529-9ba6-d82571453388.jpeg?im_w=720",
    "DiaDiem": "Cleveland, Wisconsin, Hoa Kỳ",
    "DanhGia": "5,0",
    "KhoangCach": "Cách 13.757 km",
    "ThoiGian": "Ngày 20 - Ngày 25 tháng 10",
    "Gia": "₫17.109.242"
  },
  {
    "HinhAnh-src": "https://a0.muscache.com/im/pictures/af074778-c745-4831-91df-f8858c3c89d3.jpg?im_w=720",
    "DiaDiem": "Athens, Georgia, Hoa Kỳ",
    "DanhGia": "4,96",
    "KhoangCach": "Cách 14.932 km",
    "ThoiGian": "Ngày 22 - Ngày 27 tháng 9",
    "Gia": "₫5.440.769"
  },
  {
    "HinhAnh-src": "https://a0.muscache.com/im/pictures/dab2d2b8-2b11-4c7e-9d7b-06cf3e185d5d.jpg?im_w=720",
    "DiaDiem": "Vila Verde, Bồ Đào Nha",
    "DanhGia": "4,93",
    "KhoangCach": "Trò chơi arcade",
    "ThoiGian": "Ngày 18 - Ngày 23 tháng 9",
    "Gia": "₫4.546.329"
  },
  {
    "HinhAnh-src": "https://a0.muscache.com/im/pictures/miso/Hosting-740070243718742779/original/4707f289-7667-412d-8254-0de8d6b4a0b5.jpeg?im_w=720",
    "DiaDiem": "Hilbert, Wisconsin, Hoa Kỳ",
    "DanhGia": "4,93",
    "KhoangCach": "Trò chơi arcade",
    "ThoiGian": "Ngày 30 tháng 10 - Ngày 04 tháng 11",
    "Gia": "₫5.892.013"
  },
  {
    "HinhAnh-src": "https://a0.muscache.com/im/pictures/miso/Hosting-1002646721949192998/original/48920fbf-4733-4d63-8400-e627d26a304b.jpeg?im_w=720",
    "DiaDiem": "Silang, Philippin",
    "DanhGia": "4,93",
    "KhoangCach": "Bàn bi-da",
    "ThoiGian": "Ngày 29 tháng 9 - Ngày 04 tháng 10",
    "Gia": "₫9.109.622"
  },
  {
    "HinhAnh-src": "https://a0.muscache.com/im/pictures/prohost-api/Hosting-765378259123844534/original/ee28ff40-dfef-4e0a-9ad5-55baa34f99b7.jpeg?im_w=720",
    "DiaDiem": "Manhattan, Kansas, Hoa Kỳ",
    "DanhGia": "5,0",
    "KhoangCach": "Bi lắc",
    "ThoiGian": "Ngày 27 tháng 10 - Ngày 01 tháng 11",
    "Gia": "₫5.615.358"
  },
  {
    "HinhAnh-src": "https://a0.muscache.com/im/pictures/miso/Hosting-53682105/original/ec866ecb-ca8e-4799-a632-0c30d7f9001a.jpeg?im_w=720",
    "DiaDiem": "Lancashire, Vương quốc Anh",
    "DanhGia": "4,92",
    "KhoangCach": "Cách 10.264 km",
    "ThoiGian": "Ngày 22 - Ngày 27 tháng 9",
    "Gia": "₫38.171.916"
  },
  {
    "HinhAnh-src": "https://a0.muscache.com/im/pictures/prohost-api/Hosting-1019774036845201061/original/30b51d5a-9c2a-46c6-a4a8-a35c784e6eb5.jpeg?im_w=720",
    "DiaDiem": "Flagler Beach, Florida, Hoa Kỳ",
    "DanhGia": "4,91",
    "KhoangCach": "Bảng ném phi tiêu",
    "ThoiGian": "Ngày 04 - Ngày 09 tháng 11",
    "Gia": "₫13.762.950"
  },
  {
    "HinhAnh-src": "https://a0.muscache.com/im/pictures/miso/Hosting-1118177017244739177/original/26511692-77e4-46b1-b5f9-d28a4353fded.jpeg?im_w=720",
    "DiaDiem": "Davenport, Florida, Hoa Kỳ",
    "DanhGia": "4,96",
    "KhoangCach": "Khu lỗ golf",
    "ThoiGian": "Ngày 29 tháng 9 - Ngày 04 tháng 10",
    "Gia": "₫4.918.237"
  },
  {
    "HinhAnh-src": "https://a0.muscache.com/im/pictures/miso/Hosting-866708952970462144/original/72f8cbfb-2e0d-4806-8dea-2fd8f007d4fe.jpeg?im_w=720",
    "DiaDiem": "VIKERSUND, Na Uy",
    "DanhGia": "4,95",
    "KhoangCach": "Không gian vui chơi ngoài trời",
    "ThoiGian": "Ngày 04 - Ngày 09 tháng 11",
    "Gia": "₫5.063.071"
  },
  {
    "HinhAnh-src": "https://a0.muscache.com/im/pictures/e836c58d-6c77-4fa8-94d4-645d9ec05d9d.jpg?im_w=720",
    "DiaDiem": "Newport, Tennessee, Hoa Kỳ",
    "DanhGia": "4,95",
    "KhoangCach": "Bàn thể thao đa năng",
    "ThoiGian": "Ngày 13 - Ngày 18 tháng 10",
    "Gia": "₫5.109.030"
  },
  {
    "HinhAnh-src": "https://a0.muscache.com/im/pictures/prohost-api/Hosting-884656521669907174/original/52edd1d0-ce9c-4d89-9f12-5d099ece0a9d.jpeg?im_w=720",
    "DiaDiem": "Niles, Michigan, Hoa Kỳ",
    "DanhGia": "4,95",
    "KhoangCach": "Cách 14.025 km",
    "ThoiGian": "Ngày 07 - Ngày 12 tháng 11",
    "Gia": "₫54.518.646"
  },
  {
    "HinhAnh-src": "https://a0.muscache.com/im/pictures/prohost-api/Hosting-987694671294858187/original/6d78ac53-87aa-4e4e-aac8-246969689d63.jpeg?im_w=720",
    "DiaDiem": "South Bloomingville, Ohio, Hoa Kỳ",
    "DanhGia": "4,89",
    "KhoangCach": "Cách 14.355 km",
    "ThoiGian": "Ngày 22 - Ngày 27 tháng 9",
    "Gia": "₫7.899.146"
  },
  {
    "HinhAnh-src": "https://a0.muscache.com/im/pictures/prohost-api/Hosting-44002933/original/740644f4-1c02-4b11-ae55-25a2fea4fa10.jpeg?im_w=720",
    "DiaDiem": "Broken Bow, Oklahoma, Hoa Kỳ",
    "DanhGia": "4,96",
    "KhoangCach": "Cách 14.525 km",
    "ThoiGian": "Ngày 25 - Ngày 30 tháng 9",
    "Gia": "₫6.089.476"
  },
  {
    "HinhAnh-src": "https://a0.muscache.com/im/pictures/miso/Hosting-852961831457096648/original/a547e3aa-4639-4e61-b4e3-a938bd1c9bde.jpeg?ml=true&im_w=720",
    "DiaDiem": "Broken Bow, Oklahoma, Hoa Kỳ",
    "DanhGia": "4,99",
    "KhoangCach": "Bi lắc",
    "ThoiGian": "Ngày 30 tháng 9 - Ngày 05 tháng 10",
    "Gia": "₫8.304.199"
  }
]